edge_id,start_node,end_node,edge_type,distance_m,max_throughput,is_sealed
1000,100,104,MaglevRail,34007.21,8000.0,False
1001,104,107,MaglevRail,28500.0,6000.0,False
1002,107,110,MaglevRail,33271.65,4000.0,False
1003,101,105,PowerConduit,37761.89,20000.0,False
1004,105,108,PowerConduit,28500.0,15000.0,False
1005,108,111,PowerConduit,33271.65,10000.0,False
1006,112,109,SkywalkTube,33271.65,3000.0,False
1007,109,106,SkywalkTube,28500.0,4000.0,False
1008,106,103,SkywalkTube,36377.05,10000.0,False
1009,104,106,SkywalkTube,2061.55,2000.0,False
1010,105,104,PowerConduit,2154.07,5000.0,False
1011,107,109,SkywalkTube,2061.55,2000.0,False
1012,108,107,PowerConduit,2154.07,5000.0,False
1013,110,112,SkywalkTube,2061.55,2000.0,False
1014,111,110,PowerConduit,2154.07,5000.0,False
1015,100,113,MaglevRail,34007.21,8000.0,False
1016,113,116,MaglevRail,28500.0,6000.0,False
1017,116,119,MaglevRail,33271.65,4000.0,False
1018,101,114,PowerConduit,37761.89,20000.0,True
1019,114,117,PowerConduit,28500.0,15000.0,True
1020,117,120,PowerConduit,33271.65,10000.0,False
1021,121,118,SkywalkTube,33271.65,3000.0,False
1022,118,115,SkywalkTube,28500.0,4000.0,False
1023,115,103,SkywalkTube,36377.05,10000.0,False
1024,113,115,SkywalkTube,2061.55,2000.0,False
1025,114,113,PowerConduit,2154.07,5000.0,True
1026,116,118,SkywalkTube,2061.55,2000.0,False
1027,117,116,PowerConduit,2154.07,5000.0,False
1028,119,121,SkywalkTube,2061.55,2000.0,False
1029,120,119,PowerConduit,2154.07,5000.0,False
1030,100,122,MaglevRail,34007.21,8000.0,False
1031,122,125,MaglevRail,28500.0,6000.0,False
1032,125,128,MaglevRail,33271.65,4000.0,False
1033,101,123,PowerConduit,37761.89,20000.0,False
1034,123,126,PowerConduit,28500.0,15000.0,False
1035,126,129,PowerConduit,33271.65,10000.0,False
1036,130,127,SkywalkTube,33271.65,3000.0,False
1037,127,124,SkywalkTube,28500.0,4000.0,False
1038,124,103,SkywalkTube,36377.05,10000.0,False
1039,122,124,SkywalkTube,2061.55,2000.0,False
1040,123,122,PowerConduit,2154.07,5000.0,False
1041,125,127,SkywalkTube,2061.55,2000.0,False
1042,126,125,PowerConduit,2154.07,5000.0,False
1043,128,130,SkywalkTube,2061.55,2000.0,False
1044,129,128,PowerConduit,2154.07,5000.0,False
1045,100,131,MaglevRail,34007.21,8000.0,False
1046,131,134,MaglevRail,28500.0,6000.0,False
1047,134,137,MaglevRail,33271.65,4000.0,False
1048,101,132,PowerConduit,37761.89,20000.0,False
1049,132,135,PowerConduit,28500.0,15000.0,False
1050,135,138,PowerConduit,33271.65,10000.0,False
1051,139,136,SkywalkTube,33271.65,3000.0,False
1052,136,133,SkywalkTube,28500.0,4000.0,False
1053,133,103,SkywalkTube,36377.05,10000.0,False
1054,131,133,SkywalkTube,2061.55,2000.0,False
1055,132,131,PowerConduit,2154.07,5000.0,False
1056,134,136,SkywalkTube,2061.55,2000.0,False
1057,135,134,PowerConduit,2154.07,5000.0,False
1058,137,139,SkywalkTube,2061.55,2000.0,False
1059,138,137,PowerConduit,2154.07,5000.0,False
1060,100,140,MaglevRail,34007.21,8000.0,False
1061,140,143,MaglevRail,28500.0,6000.0,False
1062,143,146,MaglevRail,33271.65,4000.0,False
1063,101,141,PowerConduit,37761.89,20000.0,False
1064,141,144,PowerConduit,28500.0,15000.0,False
1065,144,147,PowerConduit,33271.65,10000.0,False
1066,148,145,SkywalkTube,33271.65,3000.0,False
1067,145,142,SkywalkTube,28500.0,4000.0,False
1068,142,103,SkywalkTube,36377.05,10000.0,False
1069,140,142,SkywalkTube,2061.55,2000.0,False
1070,141,140,PowerConduit,2154.07,5000.0,False
1071,143,145,SkywalkTube,2061.55,2000.0,False
1072,144,143,PowerConduit,2154.07,5000.0,False
1073,146,148,SkywalkTube,2061.55,2000.0,False
1074,147,146,PowerConduit,2154.07,5000.0,False
1075,100,149,MaglevRail,34007.21,8000.0,False
1076,149,152,MaglevRail,28500.0,6000.0,False
1077,152,155,MaglevRail,33271.65,4000.0,False
1078,101,150,PowerConduit,37761.89,20000.0,False
1079,150,153,PowerConduit,28500.0,15000.0,False
1080,153,156,PowerConduit,33271.65,10000.0,False
1081,157,154,SkywalkTube,33271.65,3000.0,False
1082,154,151,SkywalkTube,28500.0,4000.0,False
1083,151,103,SkywalkTube,36377.05,10000.0,False
1084,149,151,SkywalkTube,2061.55,2000.0,False
1085,150,149,PowerConduit,2154.07,5000.0,False
1086,152,154,SkywalkTube,2061.55,2000.0,False
1087,153,152,PowerConduit,2154.07,5000.0,False
1088,155,157,SkywalkTube,2061.55,2000.0,False
1089,156,155,PowerConduit,2154.07,5000.0,False
1090,100,158,MaglevRail,34007.21,8000.0,False
1091,158,161,MaglevRail,28500.0,6000.0,False
1092,161,164,MaglevRail,33271.65,4000.0,False
1093,101,159,PowerConduit,37761.89,20000.0,False
1094,159,162,PowerConduit,28500.0,15000.0,False
1095,162,165,PowerConduit,33271.65,10000.0,False
1096,166,163,SkywalkTube,33271.65,3000.0,False
1097,163,160,SkywalkTube,28500.0,4000.0,False
1098,160,103,SkywalkTube,36377.05,10000.0,False
1099,158,160,SkywalkTube,2061.55,2000.0,False
1100,159,158,PowerConduit,2154.07,5000.0,False
1101,161,163,SkywalkTube,2061.55,2000.0,False
1102,162,161,PowerConduit,2154.07,5000.0,False
1103,164,166,SkywalkTube,2061.55,2000.0,False
1104,165,164,PowerConduit,2154.07,5000.0,False
1105,100,167,MaglevRail,34007.21,8000.0,False
1106,167,170,MaglevRail,28500.0,6000.0,False
1107,170,173,MaglevRail,33271.65,4000.0,False
1108,101,168,PowerConduit,37761.89,20000.0,False
1109,168,171,PowerConduit,28500.0,15000.0,False
1110,171,174,PowerConduit,33271.65,10000.0,False
1111,175,172,SkywalkTube,33271.65,3000.0,False
1112,172,169,SkywalkTube,28500.0,4000.0,False
1113,169,103,SkywalkTube,36377.05,10000.0,False
1114,167,169,SkywalkTube,2061.55,2000.0,False
1115,168,167,PowerConduit,2154.07,5000.0,False
1116,170,172,SkywalkTube,2061.55,2000.0,False
1117,171,170,PowerConduit,2154.07,5000.0,False
1118,173,175,SkywalkTube,2061.55,2000.0,False
1119,174,173,PowerConduit,2154.07,5000.0,False
1120,107,116,MaglevRail,47835.43,4500.0,False
1121,110,119,MaglevRail,73283.88,3000.0,False
1122,116,125,MaglevRail,47835.43,4500.0,False
1123,119,128,MaglevRail,73283.88,3000.0,False
1124,125,134,MaglevRail,47835.43,4500.0,False
1125,128,137,MaglevRail,73283.88,3000.0,False
1126,134,143,MaglevRail,47835.43,4500.0,False
1127,137,146,MaglevRail,73283.88,3000.0,False
1128,143,152,MaglevRail,47835.43,4500.0,False
1129,146,155,MaglevRail,73283.88,3000.0,False
1130,152,161,MaglevRail,47835.43,4500.0,False
1131,155,164,MaglevRail,73283.88,3000.0,False
1132,161,170,MaglevRail,47835.43,4500.0,False
1133,164,173,MaglevRail,73283.88,3000.0,False
1134,170,107,MaglevRail,47835.43,4500.0,False
1135,173,110,MaglevRail,73283.88,3000.0,False
