node_id,name,layer,node_type,petal_idx,x,y,z,capacity,is_operational
100,Core Central Maglev Terminal,Transit_Maglev,Station,-1,0.0,0.0,1500.0,50000.0,True
101,Core Geothermal Reactor Bus,Utility_Trunk,PowerSubstation,-1,0.0,0.0,-10000.0,100000.0,True
102,Core Oxygen & Desalination Main,Utility_Trunk,O2Terminal,-1,0.0,0.0,2500.0,80000.0,True
103,Citadel Sovereign Emergency Bunker,Pedestrian_Evac,EvacBunker,-1,0.0,0.0,20000.0,100000.0,True
104,Petal 1 Maglev Stn (u=0.2),Transit_Maglev,Station,0,34000.0,0.0,2200.0,5000.0,True
105,Petal 1 Power Bus (u=0.2),Utility_Trunk,PowerSubstation,0,36000.0,0.0,1400.0,12000.0,True
106,Petal 1 Evac Shelter (u=0.2),Pedestrian_Evac,EvacBunker,0,32000.0,0.0,2700.0,8000.0,True
107,Petal 1 Maglev Stn (u=0.5),Transit_Maglev,Station,0,62500.0,0.0,2200.0,5000.0,True
108,Petal 1 Power Bus (u=0.5),Utility_Trunk,PowerSubstation,0,64500.0,0.0,1400.0,12000.0,True
109,Petal 1 Evac Shelter (u=0.5),Pedestrian_Evac,EvacBunker,0,60500.0,0.0,2700.0,8000.0,True
110,Petal 1 Maglev Stn (u=0.85),Transit_Maglev,Station,0,95750.0,0.0,1000.0,5000.0,True
111,Petal 1 Power Bus (u=0.85),Utility_Trunk,PowerSubstation,0,97750.0,0.0,200.0,12000.0,True
112,Petal 1 Evac Shelter (u=0.85),Pedestrian_Evac,EvacBunker,0,93750.0,0.0,1500.0,8000.0,True
113,Petal 2 Maglev Stn (u=0.2),Transit_Maglev,Station,1,24041.63,24041.63,2200.0,5000.0,True
114,Petal 2 Power Bus (u=0.2),Utility_Trunk,PowerSubstation,1,25455.84,25455.84,1400.0,12000.0,False
115,Petal 2 Evac Shelter (u=0.2),Pedestrian_Evac,EvacBunker,1,22627.42,22627.42,2700.0,8000.0,True
116,Petal 2 Maglev Stn (u=0.5),Transit_Maglev,Station,1,44194.17,44194.17,2200.0,5000.0,True
117,Petal 2 Power Bus (u=0.5),Utility_Trunk,PowerSubstation,1,45608.39,45608.39,1400.0,12000.0,True
118,Petal 2 Evac Shelter (u=0.5),Pedestrian_Evac,EvacBunker,1,42779.96,42779.96,2700.0,8000.0,True
119,Petal 2 Maglev Stn (u=0.85),Transit_Maglev,Station,1,67705.47,67705.47,1000.0,5000.0,True
120,Petal 2 Power Bus (u=0.85),Utility_Trunk,PowerSubstation,1,69119.69,69119.69,200.0,12000.0,True
121,Petal 2 Evac Shelter (u=0.85),Pedestrian_Evac,EvacBunker,1,66291.26,66291.26,1500.0,8000.0,True
122,Petal 3 Maglev Stn (u=0.2),Transit_Maglev,Station,2,0.0,34000.0,2200.0,5000.0,True
123,Petal 3 Power Bus (u=0.2),Utility_Trunk,PowerSubstation,2,0.0,36000.0,1400.0,12000.0,True
124,Petal 3 Evac Shelter (u=0.2),Pedestrian_Evac,EvacBunker,2,0.0,32000.0,2700.0,8000.0,True
125,Petal 3 Maglev Stn (u=0.5),Transit_Maglev,Station,2,0.0,62500.0,2200.0,5000.0,True
126,Petal 3 Power Bus (u=0.5),Utility_Trunk,PowerSubstation,2,0.0,64500.0,1400.0,12000.0,True
127,Petal 3 Evac Shelter (u=0.5),Pedestrian_Evac,EvacBunker,2,0.0,60500.0,2700.0,8000.0,True
128,Petal 3 Maglev Stn (u=0.85),Transit_Maglev,Station,2,0.0,95750.0,1000.0,5000.0,True
129,Petal 3 Power Bus (u=0.85),Utility_Trunk,PowerSubstation,2,0.0,97750.0,200.0,12000.0,True
130,Petal 3 Evac Shelter (u=0.85),Pedestrian_Evac,EvacBunker,2,0.0,93750.0,1500.0,8000.0,True
131,Petal 4 Maglev Stn (u=0.2),Transit_Maglev,Station,3,-24041.63,24041.63,2200.0,5000.0,True
132,Petal 4 Power Bus (u=0.2),Utility_Trunk,PowerSubstation,3,-25455.84,25455.84,1400.0,12000.0,True
133,Petal 4 Evac Shelter (u=0.2),Pedestrian_Evac,EvacBunker,3,-22627.42,22627.42,2700.0,8000.0,True
134,Petal 4 Maglev Stn (u=0.5),Transit_Maglev,Station,3,-44194.17,44194.17,2200.0,5000.0,True
135,Petal 4 Power Bus (u=0.5),Utility_Trunk,PowerSubstation,3,-45608.39,45608.39,1400.0,12000.0,True
136,Petal 4 Evac Shelter (u=0.5),Pedestrian_Evac,EvacBunker,3,-42779.96,42779.96,2700.0,8000.0,True
137,Petal 4 Maglev Stn (u=0.85),Transit_Maglev,Station,3,-67705.47,67705.47,1000.0,5000.0,True
138,Petal 4 Power Bus (u=0.85),Utility_Trunk,PowerSubstation,3,-69119.69,69119.69,200.0,12000.0,True
139,Petal 4 Evac Shelter (u=0.85),Pedestrian_Evac,EvacBunker,3,-66291.26,66291.26,1500.0,8000.0,True
140,Petal 5 Maglev Stn (u=0.2),Transit_Maglev,Station,4,-34000.0,0.0,2200.0,5000.0,True
141,Petal 5 Power Bus (u=0.2),Utility_Trunk,PowerSubstation,4,-36000.0,0.0,1400.0,12000.0,True
142,Petal 5 Evac Shelter (u=0.2),Pedestrian_Evac,EvacBunker,4,-32000.0,0.0,2700.0,8000.0,True
143,Petal 5 Maglev Stn (u=0.5),Transit_Maglev,Station,4,-62500.0,0.0,2200.0,5000.0,True
144,Petal 5 Power Bus (u=0.5),Utility_Trunk,PowerSubstation,4,-64500.0,0.0,1400.0,12000.0,True
145,Petal 5 Evac Shelter (u=0.5),Pedestrian_Evac,EvacBunker,4,-60500.0,0.0,2700.0,8000.0,True
146,Petal 5 Maglev Stn (u=0.85),Transit_Maglev,Station,4,-95750.0,0.0,1000.0,5000.0,True
147,Petal 5 Power Bus (u=0.85),Utility_Trunk,PowerSubstation,4,-97750.0,0.0,200.0,12000.0,True
148,Petal 5 Evac Shelter (u=0.85),Pedestrian_Evac,EvacBunker,4,-93750.0,0.0,1500.0,8000.0,True
149,Petal 6 Maglev Stn (u=0.2),Transit_Maglev,Station,5,-24041.63,-24041.63,2200.0,5000.0,True
150,Petal 6 Power Bus (u=0.2),Utility_Trunk,PowerSubstation,5,-25455.84,-25455.84,1400.0,12000.0,True
151,Petal 6 Evac Shelter (u=0.2),Pedestrian_Evac,EvacBunker,5,-22627.42,-22627.42,2700.0,8000.0,True
152,Petal 6 Maglev Stn (u=0.5),Transit_Maglev,Station,5,-44194.17,-44194.17,2200.0,5000.0,True
153,Petal 6 Power Bus (u=0.5),Utility_Trunk,PowerSubstation,5,-45608.39,-45608.39,1400.0,12000.0,True
154,Petal 6 Evac Shelter (u=0.5),Pedestrian_Evac,EvacBunker,5,-42779.96,-42779.96,2700.0,8000.0,True
155,Petal 6 Maglev Stn (u=0.85),Transit_Maglev,Station,5,-67705.47,-67705.47,1000.0,5000.0,True
156,Petal 6 Power Bus (u=0.85),Utility_Trunk,PowerSubstation,5,-69119.69,-69119.69,200.0,12000.0,True
157,Petal 6 Evac Shelter (u=0.85),Pedestrian_Evac,EvacBunker,5,-66291.26,-66291.26,1500.0,8000.0,True
158,Petal 7 Maglev Stn (u=0.2),Transit_Maglev,Station,6,-0.0,-34000.0,2200.0,5000.0,True
159,Petal 7 Power Bus (u=0.2),Utility_Trunk,PowerSubstation,6,-0.0,-36000.0,1400.0,12000.0,True
160,Petal 7 Evac Shelter (u=0.2),Pedestrian_Evac,EvacBunker,6,-0.0,-32000.0,2700.0,8000.0,True
161,Petal 7 Maglev Stn (u=0.5),Transit_Maglev,Station,6,-0.0,-62500.0,2200.0,5000.0,True
162,Petal 7 Power Bus (u=0.5),Utility_Trunk,PowerSubstation,6,-0.0,-64500.0,1400.0,12000.0,True
163,Petal 7 Evac Shelter (u=0.5),Pedestrian_Evac,EvacBunker,6,-0.0,-60500.0,2700.0,8000.0,True
164,Petal 7 Maglev Stn (u=0.85),Transit_Maglev,Station,6,-0.0,-95750.0,1000.0,5000.0,True
165,Petal 7 Power Bus (u=0.85),Utility_Trunk,PowerSubstation,6,-0.0,-97750.0,200.0,12000.0,True
166,Petal 7 Evac Shelter (u=0.85),Pedestrian_Evac,EvacBunker,6,-0.0,-93750.0,1500.0,8000.0,True
167,Petal 8 Maglev Stn (u=0.2),Transit_Maglev,Station,7,24041.63,-24041.63,2200.0,5000.0,True
168,Petal 8 Power Bus (u=0.2),Utility_Trunk,PowerSubstation,7,25455.84,-25455.84,1400.0,12000.0,True
169,Petal 8 Evac Shelter (u=0.2),Pedestrian_Evac,EvacBunker,7,22627.42,-22627.42,2700.0,8000.0,True
170,Petal 8 Maglev Stn (u=0.5),Transit_Maglev,Station,7,44194.17,-44194.17,2200.0,5000.0,True
171,Petal 8 Power Bus (u=0.5),Utility_Trunk,PowerSubstation,7,45608.39,-45608.39,1400.0,12000.0,True
172,Petal 8 Evac Shelter (u=0.5),Pedestrian_Evac,EvacBunker,7,42779.96,-42779.96,2700.0,8000.0,True
173,Petal 8 Maglev Stn (u=0.85),Transit_Maglev,Station,7,67705.47,-67705.47,1000.0,5000.0,True
174,Petal 8 Power Bus (u=0.85),Utility_Trunk,PowerSubstation,7,69119.69,-69119.69,200.0,12000.0,True
175,Petal 8 Evac Shelter (u=0.85),Pedestrian_Evac,EvacBunker,7,66291.26,-66291.26,1500.0,8000.0,True
